<?xml version="1.0" encoding="UTF-8"?>
<patients>
	<patientRole>
		<id extension="999-888-777" root="2.16.840.1.113883.19.5"/>
		<id extension="111-222-333" root="2.16.840.1.113883.14.6"/>
		<patient>
			<name>
				<given>Harry</given>
				<family>Potter</family>
			</name>
			<administrativeGenderCode code="M" codeSystem="2.16.840.1.113883.5.1"/>
			<birthTime value="1992-09-23"/>
		</patient>
		<providerOrganization>
			<id root="2.16.840.1.113883.19.5"/>
			<name>Hogwarts Clinic</name>
		</providerOrganization>
	</patientRole>
	<patientRole>
		<id extension="23" root="2.16.840.1.113883.3.933"/>
		<patient>
			<name>
				<given>Ron</given>
				<family>Weasley</family>
			</name>
			<administrativeGenderCode code="M" codeSystem="2.16.840.1.113883.5.1"/>
			<birthTime value="1993-12-03"/>
		</patient>
		<providerOrganization>
			<id extension="84756-11223-344-XYZ-5566" root="1.2.3.4.5.6.1.8.9.0"/>
			<name>Dr. House GP</name>
		</providerOrganization>
	</patientRole>
	<patientRole>
		<id extension="77777" root="2.16.840.1.113883.19.5"/>
		<patient>
			<name>
				<family>Granger</family>
				<given>Hermine</given>
				<given>Laetizia</given>
			</name>
			<administrativeGenderCode code="F" codeSystem="2.16.840.1.113883.5.1"/>
		</patient>
		<providerOrganization>
			<id root="2.16.840.1.113883.19.5"/>
			<name>Hogwarts Clinic</name>
		</providerOrganization>
	</patientRole>
</patients>
