<?xml version="1.0" encoding="UTF-8"?>
<!--
Lisa Niedermayr (S1710458025)
Abgabedatum: 13.03.2019
Beispiel 1.6
-->
<countries>
	<Country Code="AUT">
		Österreich
		<CountryTelephoneCode>+43</CountryTelephoneCode>
	</Country>
	<Country Code="DEU">
		Deutschland
		<CountryTelephoneCode>+49</CountryTelephoneCode>
	</Country>
	<Country Code="SUI">
		Schweiz
		<CountryTelephoneCode>+41</CountryTelephoneCode>
	</Country>
	<Country Code="GBR">
		Großbritannien
		<CountryTelephoneCode>+44</CountryTelephoneCode>
	</Country>
</countries>
