<?xml version="1.0" encoding="UTF-8"?>
<!--
Lisa Niedermayr (S1710458025)
Abgabedatum: 13.03.2019
Beispiel 1.1
-->
<moviedatabase>
	<movie id="01">
		<!--sehr empfehlenswerter film-->
		<title>Inception</title>
		<description>Movie of the year</description>
	</movie>
	<movie id="03">
		<title>Harry Potter und der Stein der Weisen</title>
		<description>Harry Potter Film</description>
		<!-- 2001 -->
	</movie>
	<movie id="02">
		<title>The Dark Knight</title>
		<description>Chris Nolans Neuauflage der Batman Serie</description>
	</movie>
</moviedatabase>
